Title:,Kerosene-Type Jet Fuel Prices: U.S. Gulf Coast
Series ID:,DJFUELUSGULF
Source:,U.S. Energy Information Administration
Release:,Spot Prices (Not a Press Release)
Seasonal Adjustment:,Not Seasonally Adjusted
Frequency:,Daily
Units:,Dollars per Gallon
Date Range:,2007-04-02 to 2017-04-24
Last Updated:,2017-04-26 2:21 PM CDT
Notes:,"Definitions, Sources and Explanatory Notes:"
,http://www.eia.doe.gov/dnav/pet/TblDefs/pet_pri_spt_tbldef2.asp
,
DATE,VALUE
2007-04-02,2.008
2007-04-03,1.983
2007-04-04,2.031
2007-04-05,2.030
2007-04-06,#N/A
2007-04-09,1.995
2007-04-10,2.031
2007-04-11,2.064
2007-04-12,2.103
2007-04-13,2.088
2007-04-16,2.056
2007-04-17,2.000
2007-04-18,2.004
2007-04-19,2.001
2007-04-20,2.027
2007-04-23,2.057
2007-04-24,2.013
2007-04-25,2.066
2007-04-26,2.051
2007-04-27,2.071
2007-04-30,2.049
2007-05-01,2.038
2007-05-02,2.001
2007-05-03,2.005
2007-05-04,2.027
2007-05-07,1.992
2007-05-08,2.018
2007-05-09,2.008
2007-05-10,2.023
2007-05-11,2.025
2007-05-14,2.030
2007-05-15,2.048
2007-05-16,2.027
2007-05-17,2.092
2007-05-18,2.076
2007-05-21,2.108
2007-05-22,2.070
2007-05-23,2.092
2007-05-24,2.089
2007-05-25,2.099
2007-05-28,#N/A
2007-05-29,2.040
2007-05-30,2.025
2007-05-31,2.044
2007-06-01,2.072
2007-06-04,2.091
2007-06-05,2.095
2007-06-06,2.102
2007-06-07,2.105
2007-06-08,2.033
2007-06-11,2.062
2007-06-12,2.044
2007-06-13,2.080
2007-06-14,2.137
2007-06-15,2.111
2007-06-18,2.168
2007-06-19,2.162
2007-06-20,2.129
2007-06-21,2.122
2007-06-22,2.137
2007-06-25,2.140
2007-06-26,2.052
2007-06-27,2.082
2007-06-28,2.073
2007-06-29,2.090
2007-07-02,2.119
2007-07-03,2.134
2007-07-04,#N/A
2007-07-05,2.152
2007-07-06,2.147
2007-07-09,2.142
2007-07-10,2.174
2007-07-11,2.145
2007-07-12,2.148
2007-07-13,2.161
2007-07-16,2.102
2007-07-17,2.080
2007-07-18,2.139
2007-07-19,2.152
2007-07-20,2.136
2007-07-23,2.100
2007-07-24,2.088
2007-07-25,2.145
2007-07-26,2.108
2007-07-27,2.156
2007-07-30,2.153
2007-07-31,2.198
2007-08-01,2.154
2007-08-02,2.149
2007-08-03,2.105
2007-08-06,2.008
2007-08-07,2.020
2007-08-08,2.048
2007-08-09,2.080
2007-08-10,2.071
2007-08-13,2.062
2007-08-14,2.078
2007-08-15,2.126
2007-08-16,2.098
2007-08-17,2.108
2007-08-20,2.083
2007-08-21,2.055
2007-08-22,2.056
2007-08-23,2.081
2007-08-24,2.118
2007-08-27,2.112
2007-08-28,2.093
2007-08-29,2.141
2007-08-30,2.131
2007-08-31,2.135
2007-09-03,#N/A
2007-09-04,2.142
2007-09-05,2.175
2007-09-06,2.206
2007-09-07,2.202
2007-09-10,2.236
2007-09-11,2.239
2007-09-12,2.261
2007-09-13,2.293
2007-09-14,2.268
2007-09-17,2.299
2007-09-18,2.326
2007-09-19,2.311
2007-09-20,2.325
2007-09-21,2.318
2007-09-24,2.306
2007-09-25,2.264
2007-09-26,2.258
2007-09-27,2.324
2007-09-28,2.288
2007-10-01,2.282
2007-10-02,2.262
2007-10-03,2.270
2007-10-04,2.331
2007-10-05,2.291
2007-10-08,2.234
2007-10-09,2.247
2007-10-10,2.278
2007-10-11,2.305
2007-10-12,2.317
2007-10-15,2.370
2007-10-16,2.403
2007-10-17,2.380
2007-10-18,2.425
2007-10-19,2.398
2007-10-22,2.381
2007-10-23,2.369
2007-10-24,2.414
2007-10-25,2.473
2007-10-26,2.498
2007-10-29,2.552
2007-10-30,2.496
2007-10-31,2.592
2007-11-01,2.573
2007-11-02,2.661
2007-11-05,2.641
2007-11-06,2.704
2007-11-07,2.705
2007-11-08,2.698
2007-11-09,2.712
2007-11-12,2.658
2007-11-13,2.587
2007-11-14,2.639
2007-11-15,2.628
2007-11-16,2.658
2007-11-19,2.672
2007-11-20,2.762
2007-11-21,2.754
2007-11-22,#N/A
2007-11-23,2.773
2007-11-26,2.751
2007-11-27,2.718
2007-11-28,2.651
2007-11-29,2.632
2007-11-30,2.568
2007-12-03,2.574
2007-12-04,2.552
2007-12-05,2.544
2007-12-06,2.570
2007-12-07,2.563
2007-12-10,2.530
2007-12-11,2.542
2007-12-12,2.667
2007-12-13,2.657
2007-12-14,2.608
2007-12-17,2.596
2007-12-18,2.555
2007-12-19,2.597
2007-12-20,2.590
2007-12-21,2.607
2007-12-24,2.591
2007-12-25,#N/A
2007-12-26,2.635
2007-12-27,2.703
2007-12-28,2.669
2007-12-31,2.673
2008-01-01,#N/A
2008-01-02,2.745
2008-01-03,2.751
2008-01-04,2.716
2008-01-07,2.635
2008-01-08,2.660
2008-01-09,2.634
2008-01-10,2.590
2008-01-11,2.568
2008-01-14,2.623
2008-01-15,2.583
2008-01-16,2.600
2008-01-17,2.575
2008-01-18,2.586
2008-01-21,#N/A
2008-01-22,2.545
2008-01-23,2.501
2008-01-24,2.516
2008-01-25,2.565
2008-01-28,2.568
2008-01-29,2.580
2008-01-30,2.591
2008-01-31,2.572
2008-02-01,2.498
2008-02-04,2.534
2008-02-05,2.497
2008-02-06,2.481
2008-02-07,2.527
2008-02-08,2.617
2008-02-11,2.705
2008-02-12,2.685
2008-02-13,2.711
2008-02-14,2.754
2008-02-15,2.745
2008-02-18,#N/A
2008-02-19,2.851
2008-02-20,2.857
2008-02-21,2.823
2008-02-22,2.843
2008-02-25,2.853
2008-02-26,2.890
2008-02-27,2.846
2008-02-28,2.935
2008-02-29,2.915
2008-03-03,2.963
2008-03-04,2.922
2008-03-05,3.069
2008-03-06,3.093
2008-03-07,3.083
2008-03-10,3.101
2008-03-11,3.168
2008-03-12,3.202
2008-03-13,3.296
2008-03-14,3.320
2008-03-17,3.255
2008-03-18,3.289
2008-03-19,3.196
2008-03-20,3.150
2008-03-21,#N/A
2008-03-24,2.952
2008-03-25,2.975
2008-03-26,3.090
2008-03-27,3.170
2008-03-28,3.137
2008-03-31,3.061
2008-04-01,3.062
2008-04-02,3.087
2008-04-03,3.071
2008-04-04,3.124
2008-04-07,3.250
2008-04-08,3.290
2008-04-09,3.437
2008-04-10,3.380
2008-04-11,3.402
2008-04-14,3.412
2008-04-15,3.485
2008-04-16,3.476
2008-04-17,3.464
2008-04-18,3.490
2008-04-21,3.512
2008-04-22,3.512
2008-04-23,3.502
2008-04-24,3.441
2008-04-25,3.492
2008-04-28,3.428
2008-04-29,3.375
2008-04-30,3.329
2008-05-01,3.253
2008-05-02,3.350
2008-05-05,3.443
2008-05-06,3.477
2008-05-07,3.575
2008-05-08,3.655
2008-05-09,3.758
2008-05-12,3.658
2008-05-13,3.804
2008-05-14,3.731
2008-05-15,3.733
2008-05-16,3.830
2008-05-19,3.810
2008-05-20,3.898
2008-05-21,4.062
2008-05-22,4.073
2008-05-23,4.002
2008-05-26,#N/A
2008-05-27,3.919
2008-05-28,3.949
2008-05-29,3.777
2008-05-30,3.736
2008-06-02,3.806
2008-06-03,3.731
2008-06-04,3.619
2008-06-05,3.753
2008-06-06,4.000
2008-06-09,3.928
2008-06-10,3.861
2008-06-11,4.045
2008-06-12,3.996
2008-06-13,3.898
2008-06-16,3.873
2008-06-17,3.879
2008-06-18,3.908
2008-06-19,3.765
2008-06-20,3.821
2008-06-23,3.863
2008-06-24,3.864
2008-06-25,3.827
2008-06-26,3.956
2008-06-27,4.031
2008-06-30,4.020
2008-07-01,4.035
2008-07-02,4.173
2008-07-03,4.207
2008-07-04,#N/A
2008-07-07,4.084
2008-07-08,3.922
2008-07-09,3.942
2008-07-10,4.132
2008-07-11,4.173
2008-07-14,4.158
2008-07-15,4.012
2008-07-16,3.940
2008-07-17,3.840
2008-07-18,3.809
2008-07-21,3.870
2008-07-22,3.783
2008-07-23,3.648
2008-07-24,3.676
2008-07-25,3.632
2008-07-28,3.674
2008-07-29,3.590
2008-07-30,3.646
2008-07-31,3.554
2008-08-01,3.530
2008-08-04,3.451
2008-08-05,3.377
2008-08-06,3.326
2008-08-07,3.329
2008-08-08,3.171
2008-08-11,3.148
2008-08-12,3.108
2008-08-13,3.165
2008-08-14,3.147
2008-08-15,3.171
2008-08-18,3.141
2008-08-19,3.189
2008-08-20,3.241
2008-08-21,3.369
2008-08-22,3.225
2008-08-25,3.254
2008-08-26,3.359
2008-08-27,3.383
2008-08-28,3.304
2008-08-29,3.296
2008-09-01,#N/A
2008-09-02,3.252
2008-09-03,3.257
2008-09-04,3.192
2008-09-05,3.193
2008-09-08,3.231
2008-09-09,3.094
2008-09-10,3.114
2008-09-11,4.316
2008-09-12,4.814
2008-09-15,4.041
2008-09-16,3.970
2008-09-17,3.008
2008-09-18,3.177
2008-09-19,3.149
2008-09-22,3.330
2008-09-23,3.307
2008-09-24,3.295
2008-09-25,3.134
2008-09-26,3.120
2008-09-29,2.859
2008-09-30,3.022
2008-10-01,2.924
2008-10-02,2.796
2008-10-03,2.727
2008-10-06,2.590
2008-10-07,2.575
2008-10-08,2.581
2008-10-09,2.456
2008-10-10,2.375
2008-10-13,2.452
2008-10-14,2.373
2008-10-15,2.232
2008-10-16,2.207
2008-10-17,2.193
2008-10-20,2.286
2008-10-21,2.191
2008-10-22,2.085
2008-10-23,2.101
2008-10-24,2.023
2008-10-27,1.958
2008-10-28,1.980
2008-10-29,2.054
2008-10-30,1.999
2008-10-31,2.094
2008-11-03,1.993
2008-11-04,2.140
2008-11-05,2.103
2008-11-06,1.985
2008-11-07,2.021
2008-11-10,2.059
2008-11-11,1.946
2008-11-12,1.851
2008-11-13,1.935
2008-11-14,1.857
2008-11-17,1.823
2008-11-18,1.796
2008-11-19,1.772
2008-11-20,1.684
2008-11-21,1.711
2008-11-24,1.800
2008-11-25,1.709
2008-11-26,1.771
2008-11-27,#N/A
2008-11-28,1.760
2008-12-01,1.633
2008-12-02,1.604
2008-12-03,1.593
2008-12-04,1.491
2008-12-05,1.362
2008-12-08,1.400
2008-12-09,1.349
2008-12-10,1.205
2008-12-11,1.346
2008-12-12,1.349
2008-12-15,1.315
2008-12-16,1.350
2008-12-17,1.350
2008-12-18,1.355
2008-12-19,1.371
2008-12-22,1.327
2008-12-23,1.365
2008-12-24,1.262
2008-12-25,#N/A
2008-12-26,1.297
2008-12-29,1.326
2008-12-30,1.287
2008-12-31,1.320
2009-01-01,#N/A
2009-01-02,1.510
2009-01-05,1.586
2009-01-06,1.648
2009-01-07,1.588
2009-01-08,1.557
2009-01-09,1.520
2009-01-12,1.511
2009-01-13,1.548
2009-01-14,1.491
2009-01-15,1.485
2009-01-16,1.462
2009-01-19,#N/A
2009-01-20,1.398
2009-01-21,1.396
2009-01-22,1.312
2009-01-23,1.409
2009-01-26,1.398
2009-01-27,1.357
2009-01-28,1.399
2009-01-29,1.397
2009-01-30,1.416
2009-02-02,1.350
2009-02-03,1.301
2009-02-04,1.315
2009-02-05,1.350
2009-02-06,1.330
2009-02-09,1.322
2009-02-10,1.268
2009-02-11,1.283
2009-02-12,1.303
2009-02-13,1.283
2009-02-16,#N/A
2009-02-17,1.162
2009-02-18,1.130
2009-02-19,1.195
2009-02-20,1.194
2009-02-23,1.169
2009-02-24,1.204
2009-02-25,1.233
2009-02-26,1.275
2009-02-27,1.265
2009-03-02,1.132
2009-03-03,1.156
2009-03-04,1.180
2009-03-05,1.134
2009-03-06,1.206
2009-03-09,1.194
2009-03-10,1.173
2009-03-11,1.111
2009-03-12,1.192
2009-03-13,1.170
2009-03-16,1.183
2009-03-17,1.225
2009-03-18,1.249
2009-03-19,1.305
2009-03-20,1.342
2009-03-23,1.448
2009-03-24,1.462
2009-03-25,1.457
2009-03-26,1.470
2009-03-27,1.422
2009-03-30,1.336
2009-03-31,1.341
2009-04-01,1.336
2009-04-02,1.453
2009-04-03,1.436
2009-04-06,1.426
2009-04-07,1.390
2009-04-08,1.411
2009-04-09,1.424
2009-04-10,#N/A
2009-04-13,1.398
2009-04-14,1.400
2009-04-15,1.411
2009-04-16,1.421
2009-04-17,1.426
2009-04-20,1.332
2009-04-21,1.339
2009-04-22,1.318
2009-04-23,1.300
2009-04-24,1.347
2009-04-27,1.304
2009-04-28,1.288
2009-04-29,1.303
2009-04-30,1.294
2009-05-01,1.381
2009-05-04,1.395
2009-05-05,1.385
2009-05-06,1.441
2009-05-07,1.450
2009-05-08,1.491
2009-05-11,1.467
2009-05-12,1.495
2009-05-13,1.475
2009-05-14,1.472
2009-05-15,1.412
2009-05-18,1.471
2009-05-19,1.480
2009-05-20,1.538
2009-05-21,1.526
2009-05-22,1.541
2009-05-25,#N/A
2009-05-26,1.534
2009-05-27,1.544
2009-05-28,1.592
2009-05-29,1.672
2009-06-01,1.745
2009-06-02,1.785
2009-06-03,1.718
2009-06-04,1.762
2009-06-05,1.770
2009-06-08,1.780
2009-06-09,1.801
2009-06-10,1.831
2009-06-11,1.851
2009-06-12,1.843
2009-06-15,1.813
2009-06-16,1.838
2009-06-17,1.881
2009-06-18,1.860
2009-06-19,1.830
2009-06-22,1.757
2009-06-23,1.802
2009-06-24,1.803
2009-06-25,1.830
2009-06-26,1.791
2009-06-29,1.829
2009-06-30,1.788
2009-07-01,1.781
2009-07-02,1.714
2009-07-03,#N/A
2009-07-06,1.669
2009-07-07,1.630
2009-07-08,1.591
2009-07-09,1.587
2009-07-10,1.583
2009-07-13,1.564
2009-07-14,1.571
2009-07-15,1.649
2009-07-16,1.654
2009-07-17,1.706
2009-07-20,1.750
2009-07-21,1.770
2009-07-22,1.779
2009-07-23,1.824
2009-07-24,1.840
2009-07-27,1.841
2009-07-28,1.813
2009-07-29,1.710
2009-07-30,1.801
2009-07-31,1.831
2009-08-03,1.883
2009-08-04,1.911
2009-08-05,1.964
2009-08-06,1.922
2009-08-07,1.900
2009-08-10,1.932
2009-08-11,1.896
2009-08-12,1.891
2009-08-13,1.905
2009-08-14,1.853
2009-08-17,1.830
2009-08-18,1.862
2009-08-19,1.910
2009-08-20,1.885
2009-08-21,1.912
2009-08-24,1.919
2009-08-25,1.840
2009-08-26,1.847
2009-08-27,1.869
2009-08-28,1.867
2009-08-31,1.781
2009-09-01,1.745
2009-09-02,1.735
2009-09-03,1.725
2009-09-04,1.679
2009-09-07,#N/A
2009-09-08,1.743
2009-09-09,1.756
2009-09-10,1.760
2009-09-11,1.716
2009-09-14,1.726
2009-09-15,1.760
2009-09-16,1.802
2009-09-17,1.819
2009-09-18,1.816
2009-09-21,1.745
2009-09-22,1.836
2009-09-23,1.761
2009-09-24,1.704
2009-09-25,1.700
2009-09-28,1.711
2009-09-29,1.699
2009-09-30,1.794
2009-10-01,1.785
2009-10-02,1.780
2009-10-05,1.781
2009-10-06,1.808
2009-10-07,1.780
2009-10-08,1.825
2009-10-09,1.869
2009-10-12,1.892
2009-10-13,1.911
2009-10-14,1.934
2009-10-15,1.997
2009-10-16,2.018
2009-10-19,2.030
2009-10-20,2.018
2009-10-21,2.085
2009-10-22,2.086
2009-10-23,2.053
2009-10-26,2.032
2009-10-27,2.038
2009-10-28,1.982
2009-10-29,2.047
2009-10-30,1.976
2009-11-02,2.010
2009-11-03,2.034
2009-11-04,2.020
2009-11-05,1.998
2009-11-06,1.947
2009-11-09,1.996
2009-11-10,1.999
2009-11-11,2.002
2009-11-12,1.946
2009-11-13,1.920
2009-11-16,1.987
2009-11-17,2.032
2009-11-18,2.024
2009-11-19,1.984
2009-11-20,1.968
2009-11-23,1.964
2009-11-24,1.960
2009-11-25,1.975
2009-11-26,#N/A
2009-11-27,1.954
2009-11-30,2.004
2009-12-01,2.028
2009-12-02,1.992
2009-12-03,2.001
2009-12-04,2.006
2009-12-07,1.977
2009-12-08,1.983
2009-12-09,1.904
2009-12-10,1.894
2009-12-11,1.909
2009-12-14,1.905
2009-12-15,1.901
2009-12-16,1.987
2009-12-17,1.953
2009-12-18,1.967
2009-12-21,1.913
2009-12-22,1.919
2009-12-23,1.989
2009-12-24,2.020
2009-12-25,#N/A
2009-12-28,2.054
2009-12-29,2.076
2009-12-30,2.080
2009-12-31,2.088
2010-01-01,#N/A
2010-01-04,2.165
2010-01-05,2.165
2010-01-06,2.173
2010-01-07,2.156
2010-01-08,2.190
2010-01-11,2.156
2010-01-12,2.116
2010-01-13,2.082
2010-01-14,2.076
2010-01-15,2.049
2010-01-18,#N/A
2010-01-19,2.044
2010-01-20,2.006
2010-01-21,1.988
2010-01-22,1.940
2010-01-25,1.965
2010-01-26,1.964
2010-01-27,1.923
2010-01-28,1.928
2010-01-29,1.910
2010-02-01,1.954
2010-02-02,2.021
2010-02-03,2.008
2010-02-04,1.915
2010-02-05,#N/A
2010-02-08,1.870
2010-02-09,1.954
2010-02-10,1.945
2010-02-11,1.956
2010-02-12,1.922
2010-02-15,#N/A
2010-02-16,1.986
2010-02-17,2.008
2010-02-18,2.054
2010-02-19,2.076
2010-02-22,2.073
2010-02-23,2.049
2010-02-24,2.057
2010-02-25,2.014
2010-02-26,2.055
2010-03-01,2.056
2010-03-02,2.077
2010-03-03,2.115
2010-03-04,2.091
2010-03-05,2.116
2010-03-08,2.111
2010-03-09,2.097
2010-03-10,2.123
2010-03-11,2.125
2010-03-12,2.105
2010-03-15,2.064
2010-03-16,2.121
2010-03-17,2.134
2010-03-18,2.114
2010-03-19,2.086
2010-03-22,2.091
2010-03-23,2.107
2010-03-24,2.075
2010-03-25,2.089
2010-03-26,2.109
2010-03-29,2.147
2010-03-30,2.152
2010-03-31,2.188
2010-04-01,2.239
2010-04-02,#N/A
2010-04-05,2.290
2010-04-06,2.279
2010-04-07,2.252
2010-04-08,2.249
2010-04-09,2.244
2010-04-12,2.233
2010-04-13,2.223
2010-04-14,2.246
2010-04-15,2.260
2010-04-16,2.224
2010-04-19,2.163
2010-04-20,2.183
2010-04-21,2.204
2010-04-22,2.219
2010-04-23,2.264
2010-04-26,2.236
2010-04-27,2.216
2010-04-28,2.257
2010-04-29,2.292
2010-04-30,2.324
2010-05-03,2.348
2010-05-04,2.262
2010-05-05,2.185
2010-05-06,2.108
2010-05-07,2.085
2010-05-10,2.124
2010-05-11,2.125
2010-05-12,2.168
2010-05-13,2.136
2010-05-14,2.079
2010-05-17,2.007
2010-05-18,1.974
2010-05-19,1.961
2010-05-20,1.909
2010-05-21,1.922
2010-05-24,1.930
2010-05-25,1.915
2010-05-26,1.942
2010-05-27,2.037
2010-05-28,2.039
2010-05-31,#N/A
2010-06-01,1.990
2010-06-02,2.036
2010-06-03,2.058
2010-06-04,1.980
2010-06-07,1.978
2010-06-08,1.981
2010-06-09,2.020
2010-06-10,2.060
2010-06-11,2.036
2010-06-14,2.029
2010-06-15,2.080
2010-06-16,2.124
2010-06-17,2.152
2010-06-18,2.146
2010-06-21,2.141
2010-06-22,2.111
2010-06-23,2.057
2010-06-24,2.043
2010-06-25,2.128
2010-06-28,2.105
2010-06-29,2.019
2010-06-30,1.993
2010-07-01,1.917
2010-07-02,1.905
2010-07-05,#N/A
2010-07-06,1.913
2010-07-07,1.978
2010-07-08,2.029
2010-07-09,2.051
2010-07-12,2.004
2010-07-13,2.062
2010-07-14,2.044
2010-07-15,2.037
2010-07-16,2.025
2010-07-19,2.029
2010-07-20,2.044
2010-07-21,2.009
2010-07-22,2.070
2010-07-23,2.075
2010-07-26,2.066
2010-07-27,2.019
2010-07-28,2.000
2010-07-29,2.041
2010-07-30,2.093
2010-08-02,2.155
2010-08-03,2.190
2010-08-04,2.194
2010-08-05,2.184
2010-08-06,2.166
2010-08-09,2.164
2010-08-10,2.141
2010-08-11,2.083
2010-08-12,2.027
2010-08-13,2.042
2010-08-16,2.025
2010-08-17,2.059
2010-08-18,2.075
2010-08-19,2.057
2010-08-20,2.037
2010-08-23,2.006
2010-08-24,1.982
2010-08-25,2.024
2010-08-26,2.054
2010-08-27,2.098
2010-08-30,2.059
2010-08-31,2.010
2010-09-01,2.053
2010-09-02,2.066
2010-09-03,2.064
2010-09-06,#N/A
2010-09-07,2.066
2010-09-08,2.084
2010-09-09,2.076
2010-09-10,2.127
2010-09-13,2.129
2010-09-14,2.131
2010-09-15,2.126
2010-09-16,2.089
2010-09-17,2.098
2010-09-20,2.135
2010-09-21,2.112
2010-09-22,2.099
2010-09-23,2.099
2010-09-24,2.130
2010-09-27,2.114
2010-09-28,2.136
2010-09-29,2.213
2010-09-30,2.239
2010-10-01,2.270
2010-10-04,2.266
2010-10-05,2.272
2010-10-06,2.280
2010-10-07,2.224
2010-10-08,2.267
2010-10-11,2.252
2010-10-12,2.234
2010-10-13,2.270
2010-10-14,2.269
2010-10-15,2.224
2010-10-18,2.258
2010-10-19,2.176
2010-10-20,2.236
2010-10-21,2.218
2010-10-22,2.264
2010-10-25,2.255
2010-10-26,2.250
2010-10-27,2.235
2010-10-28,2.236
2010-10-29,2.253
2010-11-01,2.286
2010-11-02,2.262
2010-11-03,2.302
2010-11-04,2.346
2010-11-05,2.366
2010-11-08,2.372
2010-11-09,2.393
2010-11-10,2.424
2010-11-11,2.419
2010-11-12,2.350
2010-11-15,2.348
2010-11-16,2.298
2010-11-17,2.242
2010-11-18,2.288
2010-11-19,2.257
2010-11-22,2.248
2010-11-23,2.253
2010-11-24,2.330
2010-11-25,#N/A
2010-11-26,2.346
2010-11-29,2.369
2010-11-30,2.291
2010-12-01,2.370
2010-12-02,2.418
2010-12-03,2.461
2010-12-06,2.439
2010-12-07,2.411
2010-12-08,2.418
2010-12-09,2.434
2010-12-10,2.415
2010-12-13,2.418
2010-12-14,2.430
2010-12-15,2.458
2010-12-16,2.462
2010-12-17,2.459
2010-12-20,2.442
2010-12-21,2.435
2010-12-22,2.495
2010-12-23,2.537
2010-12-24,#N/A
2010-12-27,2.496
2010-12-28,2.480
2010-12-29,2.501
2010-12-30,2.459
2010-12-31,2.528
2011-01-03,2.528
2011-01-04,2.487
2011-01-05,2.524
2011-01-06,2.512
2011-01-07,2.502
2011-01-10,2.570
2011-01-11,2.615
2011-01-12,2.625
2011-01-13,2.632
2011-01-14,2.663
2011-01-17,#N/A
2011-01-18,2.663
2011-01-19,2.668
2011-01-20,2.635
2011-01-21,2.669
2011-01-24,2.623
2011-01-25,2.618
2011-01-26,2.711
2011-01-27,2.690
2011-01-28,2.705
2011-01-31,2.742
2011-02-01,2.769
2011-02-02,2.804
2011-02-03,2.795
2011-02-04,2.758
2011-02-07,2.755
2011-02-08,2.790
2011-02-09,2.820
2011-02-10,2.787
2011-02-11,2.761
2011-02-14,2.823
2011-02-15,2.804
2011-02-16,2.835
2011-02-17,2.814
2011-02-18,2.806
2011-02-21,#N/A
2011-02-22,2.880
2011-02-23,3.005
2011-02-24,2.937
2011-02-25,3.006
2011-02-28,2.998
2011-03-01,3.147
2011-03-02,3.157
2011-03-03,3.147
2011-03-04,3.183
2011-03-07,3.126
2011-03-08,3.085
2011-03-09,3.127
2011-03-10,3.083
2011-03-11,3.079
2011-03-14,3.119
2011-03-15,3.026
2011-03-16,3.067
2011-03-17,3.154
2011-03-18,3.122
2011-03-21,3.130
2011-03-22,3.154
2011-03-23,3.137
2011-03-24,3.143
2011-03-25,3.160
2011-03-28,3.127
2011-03-29,3.122
2011-03-30,3.119
2011-03-31,3.161
2011-04-01,3.202
2011-04-04,3.228
2011-04-05,3.235
2011-04-06,3.251
2011-04-07,3.251
2011-04-08,3.375
2011-04-11,3.292
2011-04-12,3.201
2011-04-13,3.238
2011-04-14,3.241
2011-04-15,3.276
2011-04-18,3.236
2011-04-19,3.207
2011-04-20,3.272
2011-04-21,3.254
2011-04-22,#N/A
2011-04-25,3.257
2011-04-26,3.295
2011-04-27,3.332
2011-04-28,3.322
2011-04-29,3.368
2011-05-02,3.351
2011-05-03,3.301
2011-05-04,3.237
2011-05-05,2.988
2011-05-06,2.998
2011-05-09,3.109
2011-05-10,3.146
2011-05-11,3.059
2011-05-12,3.040
2011-05-13,3.099
2011-05-16,3.020
2011-05-17,2.978
2011-05-18,3.023
2011-05-19,3.024
2011-05-20,3.058
2011-05-23,2.964
2011-05-24,3.026
2011-05-25,3.078
2011-05-26,3.065
2011-05-27,3.079
2011-05-30,#N/A
2011-05-31,3.134
2011-06-01,3.098
2011-06-02,3.120
2011-06-03,3.137
2011-06-06,3.082
2011-06-07,3.144
2011-06-08,3.154
2011-06-09,3.198
2011-06-10,3.163
2011-06-13,3.162
2011-06-14,3.198
2011-06-15,3.073
2011-06-16,3.083
2011-06-17,3.062
2011-06-20,2.996
2011-06-21,2.940
2011-06-22,3.004
2011-06-23,2.880
2011-06-24,2.831
2011-06-27,2.838
2011-06-28,2.880
2011-06-29,2.984
2011-06-30,2.996
2011-07-01,2.976
2011-07-04,#N/A
2011-07-05,3.009
2011-07-06,3.020
2011-07-07,3.150
2011-07-08,3.137
2011-07-11,3.125
2011-07-12,3.117
2011-07-13,3.137
2011-07-14,3.135
2011-07-15,3.169
2011-07-18,3.131
2011-07-19,3.156
2011-07-20,3.178
2011-07-21,3.168
2011-07-22,3.188
2011-07-25,3.164
2011-07-26,3.170
2011-07-27,3.153
2011-07-28,3.171
2011-07-29,3.161
2011-08-01,3.153
2011-08-02,3.137
2011-08-03,3.075
2011-08-04,2.954
2011-08-05,2.995
2011-08-08,2.863
2011-08-09,2.861
2011-08-10,2.890
2011-08-11,2.949
2011-08-12,2.961
2011-08-15,2.996
2011-08-16,3.006
2011-08-17,3.037
2011-08-18,2.935
2011-08-19,2.988
2011-08-22,2.977
2011-08-23,3.021
2011-08-24,3.018
2011-08-25,3.039
2011-08-26,3.059
2011-08-29,3.060
2011-08-30,3.109
2011-08-31,3.113
2011-09-01,3.088
2011-09-02,3.038
2011-09-05,#N/A
2011-09-06,3.043
2011-09-07,3.050
2011-09-08,3.018
2011-09-09,2.962
2011-09-12,2.938
2011-09-13,2.922
2011-09-14,2.937
2011-09-15,3.019
2011-09-16,3.002
2011-09-19,2.938
2011-09-20,2.946
2011-09-21,2.919
2011-09-22,2.853
2011-09-23,2.827
2011-09-26,2.860
2011-09-27,2.928
2011-09-28,2.877
2011-09-29,2.894
2011-09-30,2.844
2011-10-03,2.815
2011-10-04,2.838
2011-10-05,2.835
2011-10-06,2.916
2011-10-07,2.881
2011-10-10,2.911
2011-10-11,2.889
2011-10-12,2.917
2011-10-13,2.972
2011-10-14,3.056
2011-10-17,2.986
2011-10-18,3.010
2011-10-19,2.982
2011-10-20,3.028
2011-10-21,3.010
2011-10-24,3.036
2011-10-25,3.025
2011-10-26,3.006
2011-10-27,3.088
2011-10-28,3.051
2011-10-31,3.028
2011-11-01,3.011
2011-11-02,2.991
2011-11-03,3.036
2011-11-04,3.067
2011-11-07,3.114
2011-11-08,3.119
2011-11-09,3.095
2011-11-10,3.131
2011-11-11,3.178
2011-11-14,3.158
2011-11-15,3.156
2011-11-16,3.086
2011-11-17,3.052
2011-11-18,3.019
2011-11-21,2.964
2011-11-22,3.005
2011-11-23,2.936
2011-11-24,#N/A
2011-11-25,2.914
2011-11-28,2.939
2011-11-29,2.991
2011-11-30,3.001
2011-12-01,2.969
2011-12-02,2.968
2011-12-05,2.941
2011-12-06,2.977
2011-12-07,2.943
2011-12-08,2.867
2011-12-09,2.841
2011-12-12,2.824
2011-12-13,2.854
2011-12-14,2.761
2011-12-15,2.749
2011-12-16,2.768
2011-12-19,2.739
2011-12-20,2.829
2011-12-21,2.874
2011-12-22,2.910
2011-12-23,2.885
2011-12-26,#N/A
2011-12-27,2.894
2011-12-28,2.891
2011-12-29,2.930
2011-12-30,2.917
2012-01-02,#N/A
2012-01-03,3.040
2012-01-04,3.100
2012-01-05,3.060
2012-01-06,3.102
2012-01-09,3.134
2012-01-10,3.168
2012-01-11,3.136
2012-01-12,3.100
2012-01-13,3.095
2012-01-16,#N/A
2012-01-17,3.079
2012-01-18,3.076
2012-01-19,3.093
2012-01-20,3.045
2012-01-23,3.055
2012-01-24,3.070
2012-01-25,3.062
2012-01-26,3.082
2012-01-27,3.100
2012-01-30,3.068
2012-01-31,3.079
2012-02-01,3.079
2012-02-02,3.085
2012-02-03,3.134
2012-02-06,3.217
2012-02-07,3.212
2012-02-08,3.197
2012-02-09,3.216
2012-02-10,3.170
2012-02-13,3.150
2012-02-14,3.165
2012-02-15,3.191
2012-02-16,3.215
2012-02-17,3.197
2012-02-20,#N/A
2012-02-21,3.237
2012-02-22,3.290
2012-02-23,3.313
2012-02-24,3.330
2012-02-27,3.294
2012-02-28,3.239
2012-02-29,3.212
2012-03-01,3.273
2012-03-02,3.205
2012-03-05,3.220
2012-03-06,3.204
2012-03-07,3.236
2012-03-08,3.288
2012-03-09,3.294
2012-03-12,3.278
2012-03-13,3.298
2012-03-14,3.292
2012-03-15,3.246
2012-03-16,3.309
2012-03-19,3.272
2012-03-20,3.263
2012-03-21,3.235
2012-03-22,3.203
2012-03-23,3.235
2012-03-26,3.269
2012-03-27,3.262
2012-03-28,3.275
2012-03-29,3.228
2012-03-30,3.242
2012-04-02,3.315
2012-04-03,3.302
2012-04-04,3.234
2012-04-05,3.224
2012-04-06,#N/A
2012-04-09,3.204
2012-04-10,3.158
2012-04-11,3.167
2012-04-12,3.240
2012-04-13,3.263
2012-04-16,3.220
2012-04-17,3.223
2012-04-18,3.216
2012-04-19,3.187
2012-04-20,3.201
2012-04-23,3.181
2012-04-24,3.194
2012-04-25,3.228
2012-04-26,3.261
2012-04-27,3.239
2012-04-30,3.260
2012-05-01,3.244
2012-05-02,3.212
2012-05-03,3.153
2012-05-04,3.070
2012-05-07,3.045
2012-05-08,3.049
2012-05-09,3.048
2012-05-10,3.038
2012-05-11,3.023
2012-05-14,3.011
2012-05-15,2.988
2012-05-16,2.952
2012-05-17,2.893
2012-05-18,2.882
2012-05-21,2.918
2012-05-22,2.888
2012-05-23,2.864
2012-05-24,2.869
2012-05-25,2.876
2012-05-28,#N/A
2012-05-29,2.864
2012-05-30,2.787
2012-05-31,2.753
2012-06-01,2.685
2012-06-04,2.673
2012-06-05,2.687
2012-06-06,2.727
2012-06-07,2.700
2012-06-08,2.727
2012-06-11,2.661
2012-06-12,2.669
2012-06-13,2.655
2012-06-14,2.706
2012-06-15,2.708
2012-06-18,2.691
2012-06-19,2.719
2012-06-20,2.646
2012-06-21,2.600
2012-06-22,2.627
2012-06-25,2.621
2012-06-26,2.658
2012-06-27,2.673
2012-06-28,2.633
2012-06-29,2.774
2012-07-02,2.749
2012-07-03,2.827
2012-07-04,#N/A
2012-07-05,2.825
2012-07-06,2.789
2012-07-09,2.823
2012-07-10,2.828
2012-07-11,2.863
2012-07-12,2.851
2012-07-13,2.894
2012-07-16,2.934
2012-07-17,2.910
2012-07-18,2.936
2012-07-19,3.009
2012-07-20,3.006
2012-07-23,2.910
2012-07-24,2.903
2012-07-25,2.914
2012-07-26,2.941
2012-07-27,2.963
2012-07-30,2.948
2012-07-31,2.914
2012-08-01,2.940
2012-08-02,2.939
2012-08-03,3.033
2012-08-06,3.051
2012-08-07,3.104
2012-08-08,3.123
2012-08-09,3.154
2012-08-10,3.127
2012-08-13,3.134
2012-08-14,3.149
2012-08-15,3.185
2012-08-16,3.203
2012-08-17,3.163
2012-08-20,3.162
2012-08-21,3.195
2012-08-22,3.228
2012-08-23,3.209
2012-08-24,3.205
2012-08-27,3.225
2012-08-28,3.278
2012-08-29,3.249
2012-08-30,3.258
2012-08-31,3.279
2012-09-03,#N/A
2012-09-04,3.237
2012-09-05,3.210
2012-09-06,3.218
2012-09-07,3.242
2012-09-10,3.247
2012-09-11,3.257
2012-09-12,3.263
2012-09-13,3.265
2012-09-14,3.284
2012-09-17,3.183
2012-09-18,3.141
2012-09-19,3.068
2012-09-20,3.128
2012-09-21,3.165
2012-09-24,3.129
2012-09-25,3.135
2012-09-26,3.134
2012-09-27,3.168
2012-09-28,3.156
2012-10-01,3.151
2012-10-02,3.138
2012-10-03,3.077
2012-10-04,3.199
2012-10-05,3.158
2012-10-08,3.159
2012-10-09,3.208
2012-10-10,3.211
2012-10-11,3.250
2012-10-12,3.208
2012-10-15,3.187
2012-10-16,3.162
2012-10-17,3.157
2012-10-18,3.162
2012-10-19,3.096
2012-10-22,3.028
2012-10-23,2.999
2012-10-24,2.995
2012-10-25,3.013
2012-10-26,3.041
2012-10-29,3.017
2012-10-30,2.975
2012-10-31,2.961
2012-11-01,2.938
2012-11-02,2.865
2012-11-05,2.888
2012-11-06,2.947
2012-11-07,2.900
2012-11-08,2.891
2012-11-09,2.942
2012-11-12,2.936
2012-11-13,2.892
2012-11-14,2.940
2012-11-15,2.914
2012-11-16,2.934
2012-11-19,3.052
2012-11-20,3.015
2012-11-21,3.046
2012-11-22,#N/A
2012-11-23,3.042
2012-11-26,3.018
2012-11-27,2.995
2012-11-28,2.975
2012-11-29,3.012
2012-11-30,3.015
2012-12-03,3.000
2012-12-04,2.945
2012-12-05,2.943
2012-12-06,2.901
2012-12-07,2.849
2012-12-10,2.859
2012-12-11,2.872
2012-12-12,2.908
2012-12-13,2.876
2012-12-14,2.901
2012-12-17,2.871
2012-12-18,2.900
2012-12-19,2.929
2012-12-20,2.977
2012-12-21,3.017
2012-12-24,2.997
2012-12-25,#N/A
2012-12-26,3.034
2012-12-27,3.056
2012-12-28,2.974
2012-12-31,2.984
2013-01-01,#N/A
2013-01-02,2.993
2013-01-03,2.994
2013-01-04,2.991
2013-01-07,3.033
2013-01-08,3.088
2013-01-09,3.083
2013-01-10,3.065
2013-01-11,3.058
2013-01-14,3.131
2013-01-15,3.095
2013-01-16,3.059
2013-01-17,3.072
2013-01-18,3.087
2013-01-21,#N/A
2013-01-22,3.119
2013-01-23,3.135
2013-01-24,3.138
2013-01-25,3.113
2013-01-28,3.106
2013-01-29,3.179
2013-01-30,3.184
2013-01-31,3.190
2013-02-01,3.238
2013-02-04,3.230
2013-02-05,3.238
2013-02-06,3.226
2013-02-07,3.254
2013-02-08,3.286
2013-02-11,3.299
2013-02-12,3.293
2013-02-13,3.283
2013-02-14,3.282
2013-02-15,3.266
2013-02-18,#N/A
2013-02-19,3.238
2013-02-20,3.200
2013-02-21,3.190
2013-02-22,3.195
2013-02-25,3.163
2013-02-26,3.127
2013-02-27,3.079
2013-02-28,3.049
2013-03-01,3.016
2013-03-04,3.005
2013-03-05,3.021
2013-03-06,3.019
2013-03-07,3.013
2013-03-08,3.004
2013-03-11,2.993
2013-03-12,3.016
2013-03-13,2.975
2013-03-14,2.988
2013-03-15,2.988
2013-03-18,2.972
2013-03-19,2.891
2013-03-20,2.926
2013-03-21,2.921
2013-03-22,2.883
2013-03-25,2.874
2013-03-26,2.923
2013-03-27,2.974
2013-03-28,2.982
2013-03-29,#N/A
2013-04-01,3.002
2013-04-02,3.019
2013-04-03,2.975
2013-04-04,2.933
2013-04-05,2.882
2013-04-08,2.912
2013-04-09,2.916
2013-04-10,2.891
2013-04-11,2.874
2013-04-12,2.797
2013-04-15,2.729
2013-04-16,2.707
2013-04-17,2.636
2013-04-18,2.694
2013-04-19,2.699
2013-04-22,2.713
2013-04-23,2.683
2013-04-24,2.719
2013-04-25,2.783
2013-04-26,2.758
2013-04-29,2.759
2013-04-30,2.688
2013-05-01,2.604
2013-05-02,2.673
2013-05-03,2.706
2013-05-06,2.710
2013-05-07,2.734
2013-05-08,2.777
2013-05-09,2.773
2013-05-10,2.748
2013-05-13,2.741
2013-05-14,2.700
2013-05-15,2.704
2013-05-16,2.745
2013-05-17,2.786
2013-05-20,2.810
2013-05-21,2.757
2013-05-22,2.709
2013-05-23,2.710
2013-05-24,2.713
2013-05-27,#N/A
2013-05-28,2.766
2013-05-29,2.720
2013-05-30,2.706
2013-05-31,2.657
2013-06-03,2.734
2013-06-04,2.761
2013-06-05,2.744
2013-06-06,2.755
2013-06-07,2.784
2013-06-10,2.758
2013-06-11,2.724
2013-06-12,2.781
2013-06-13,2.826
2013-06-14,2.844
2013-06-17,2.834
2013-06-18,2.836
2013-06-19,2.830
2013-06-20,2.743
2013-06-21,2.735
2013-06-24,2.729
2013-06-25,2.730
2013-06-26,2.730
2013-06-27,2.758
2013-06-28,2.737
2013-07-01,2.754
2013-07-02,2.782
2013-07-03,2.833
2013-07-04,#N/A
2013-07-05,2.879
2013-07-08,2.860
2013-07-09,2.880
2013-07-10,2.892
2013-07-11,2.888
2013-07-12,2.906
2013-07-15,2.908
2013-07-16,2.924
2013-07-17,2.955
2013-07-18,2.975
2013-07-19,2.953
2013-07-22,2.931
2013-07-23,2.938
2013-07-24,2.899
2013-07-25,2.878
2013-07-26,2.875
2013-07-29,2.917
2013-07-30,2.899
2013-07-31,2.950
2013-08-01,2.983
2013-08-02,2.970
2013-08-05,2.954
2013-08-06,2.917
2013-08-07,2.886
2013-08-08,2.890
2013-08-09,2.937
2013-08-12,2.965
2013-08-13,2.989
2013-08-14,2.982
2013-08-15,3.005
2013-08-16,3.024
2013-08-19,3.001
2013-08-20,3.015
2013-08-21,3.011
2013-08-22,3.010
2013-08-23,3.052
2013-08-26,3.041
2013-08-27,3.115
2013-08-28,3.131
2013-08-29,3.112
2013-08-30,3.080
2013-09-02,#N/A
2013-09-03,3.076
2013-09-04,3.004
2013-09-05,3.018
2013-09-06,3.045
2013-09-09,2.994
2013-09-10,2.953
2013-09-11,2.942
2013-09-12,3.017
2013-09-13,3.001
2013-09-16,2.938
2013-09-17,2.870
2013-09-18,2.931
2013-09-19,2.907
2013-09-20,2.905
2013-09-23,2.846
2013-09-24,2.846
2013-09-25,2.849
2013-09-26,2.847
2013-09-27,2.856
2013-09-30,2.842
2013-10-01,2.773
2013-10-02,2.878
2013-10-03,2.890
2013-10-04,2.900
2013-10-07,2.899
2013-10-08,2.923
2013-10-09,2.893
2013-10-10,2.947
2013-10-11,2.915
2013-10-14,2.910
2013-10-15,2.892
2013-10-16,2.912
2013-10-17,2.859
2013-10-18,2.936
2013-10-21,2.917
2013-10-22,2.898
2013-10-23,2.821
2013-10-24,2.802
2013-10-25,2.820
2013-10-28,2.866
2013-10-29,2.891
2013-10-30,2.912
2013-10-31,2.892
2013-11-01,2.813
2013-11-04,2.779
2013-11-05,2.760
2013-11-06,2.760
2013-11-07,2.737
2013-11-08,2.727
2013-11-11,2.787
2013-11-12,2.746
2013-11-13,2.784
2013-11-14,2.815
2013-11-15,2.829
2013-11-18,2.808
2013-11-19,2.802
2013-11-20,2.842
2013-11-21,2.906
2013-11-22,2.939
2013-11-25,2.929
2013-11-26,2.948
2013-11-27,2.955
2013-11-28,#N/A
2013-11-29,2.936
2013-12-02,2.956
2013-12-03,2.955
2013-12-04,2.955
2013-12-05,2.944
2013-12-06,2.948
2013-12-09,2.913
2013-12-10,2.927
2013-12-11,2.935
2013-12-12,2.893
2013-12-13,2.878
2013-12-16,2.889
2013-12-17,2.871
2013-12-18,2.927
2013-12-19,2.955
2013-12-20,3.000
2013-12-23,3.006
2013-12-24,3.023
2013-12-25,#N/A
2013-12-26,3.034
2013-12-27,3.036
2013-12-30,3.000
2013-12-31,3.014
2014-01-01,#N/A
2014-01-02,2.935
2014-01-03,2.892
2014-01-06,2.909
2014-01-07,2.920
2014-01-08,2.922
2014-01-09,2.886
2014-01-10,2.902
2014-01-13,2.887
2014-01-14,2.896
2014-01-15,2.933
2014-01-16,2.919
2014-01-17,2.924
2014-01-20,#N/A
2014-01-21,2.919
2014-01-22,2.906
2014-01-23,3.001
2014-01-24,2.940
2014-01-27,2.916
2014-01-28,2.935
2014-01-29,2.960
2014-01-30,2.955
2014-01-31,2.882
2014-02-03,2.885
2014-02-04,2.856
2014-02-05,2.854
2014-02-06,2.869
2014-02-07,2.942
2014-02-10,2.911
2014-02-11,2.958
2014-02-12,2.963
2014-02-13,3.007
2014-02-14,3.042
2014-02-17,#N/A
2014-02-18,3.074
2014-02-19,3.087
2014-02-20,3.074
2014-02-21,2.952
2014-02-24,2.999
2014-02-25,2.985
2014-02-26,2.996
2014-02-27,2.924
2014-02-28,2.955
2014-03-03,3.040
2014-03-04,2.993
2014-03-05,2.968
2014-03-06,2.979
2014-03-07,2.979
2014-03-10,2.939
2014-03-11,2.912
2014-03-12,2.873
2014-03-13,2.868
2014-03-14,2.882
2014-03-17,2.833
2014-03-18,2.841
2014-03-19,2.817
2014-03-20,2.834
2014-03-21,2.837
2014-03-24,2.825
2014-03-25,2.839
2014-03-26,2.834
2014-03-27,2.867
2014-03-28,2.878
2014-03-31,2.861
2014-04-01,2.809
2014-04-02,2.801
2014-04-03,2.845
2014-04-04,2.847
2014-04-07,2.826
2014-04-08,2.859
2014-04-09,2.890
2014-04-10,2.878
2014-04-11,2.860
2014-04-14,2.904
2014-04-15,2.919
2014-04-16,2.949
2014-04-17,2.951
2014-04-18,#N/A
2014-04-21,2.949
2014-04-22,2.952
2014-04-23,2.926
2014-04-24,2.941
2014-04-25,2.909
2014-04-28,2.878
2014-04-29,2.893
2014-04-30,2.860
2014-05-01,2.854
2014-05-02,2.862
2014-05-05,2.843
2014-05-06,2.821
2014-05-07,2.858
2014-05-08,2.849
2014-05-09,2.847
2014-05-12,2.860
2014-05-13,2.893
2014-05-14,2.909
2014-05-15,2.896
2014-05-16,2.889
2014-05-19,2.876
2014-05-20,2.884
2014-05-21,2.885
2014-05-22,2.889
2014-05-23,2.896
2014-05-26,#N/A
2014-05-27,2.880
2014-05-28,2.868
2014-05-29,2.849
2014-05-30,2.817
2014-06-02,2.805
2014-06-03,2.793
2014-06-04,2.779
2014-06-05,2.812
2014-06-06,2.807
2014-06-09,2.818
2014-06-10,2.800
2014-06-11,2.816
2014-06-12,2.905
2014-06-13,2.905
2014-06-16,2.915
2014-06-17,2.934
2014-06-18,2.949
2014-06-19,2.964
2014-06-20,2.968
2014-06-23,2.954
2014-06-24,2.962
2014-06-25,2.950
2014-06-26,2.939
2014-06-27,2.897
2014-06-30,2.874
2014-07-01,2.858
2014-07-02,2.830
2014-07-03,2.817
2014-07-04,#N/A
2014-07-07,2.797
2014-07-08,2.775
2014-07-09,2.779
2014-07-10,2.817
2014-07-11,2.800
2014-07-14,2.809
2014-07-15,2.784
2014-07-16,2.793
2014-07-17,2.798
2014-07-18,2.785
2014-07-21,2.801
2014-07-22,2.809
2014-07-23,2.835
2014-07-24,2.834
2014-07-25,2.864
2014-07-28,2.838
2014-07-29,2.859
2014-07-30,2.848
2014-07-31,2.846
2014-08-01,2.821
2014-08-04,2.828
2014-08-05,2.807
2014-08-06,2.837
2014-08-07,2.868
2014-08-08,2.851
2014-08-11,2.861
2014-08-12,2.825
2014-08-13,2.878
2014-08-14,2.805
2014-08-15,2.831
2014-08-18,2.800
2014-08-19,2.809
2014-08-20,2.815
2014-08-21,2.828
2014-08-22,2.823
2014-08-25,2.834
2014-08-26,2.864
2014-08-27,2.881
2014-08-28,2.881
2014-08-29,2.870
2014-09-01,#N/A
2014-09-02,2.816
2014-09-03,2.882
2014-09-04,2.855
2014-09-05,2.812
2014-09-08,2.802
2014-09-09,2.770
2014-09-10,2.751
2014-09-11,2.747
2014-09-12,2.731
2014-09-15,2.729
2014-09-16,2.719
2014-09-17,2.706
2014-09-18,2.680
2014-09-19,2.694
2014-09-22,2.664
2014-09-23,2.664
2014-09-24,2.656
2014-09-25,2.661
2014-09-26,2.674
2014-09-29,2.675
2014-09-30,2.627
2014-10-01,2.636
2014-10-02,2.622
2014-10-03,2.570
2014-10-06,2.583
2014-10-07,2.539
2014-10-08,2.505
2014-10-09,2.449
2014-10-10,2.519
2014-10-13,2.486
2014-10-14,2.420
2014-10-15,2.402
2014-10-16,2.400
2014-10-17,2.432
2014-10-20,2.413
2014-10-21,2.432
2014-10-22,2.378
2014-10-23,2.406
2014-10-24,2.380
2014-10-27,2.366
2014-10-28,2.390
2014-10-29,2.430
2014-10-30,2.409
2014-10-31,2.424
2014-11-03,2.417
2014-11-04,2.378
2014-11-05,2.385
2014-11-06,2.381
2014-11-07,2.416
2014-11-10,2.361
2014-11-11,2.357
2014-11-12,2.314
2014-11-13,2.245
2014-11-14,2.297
2014-11-17,2.268
2014-11-18,2.245
2014-11-19,2.244
2014-11-20,2.275
2014-11-21,2.299
2014-11-24,2.288
2014-11-25,2.256
2014-11-26,2.196
2014-11-27,#N/A
2014-11-28,2.026
2014-12-01,2.087
2014-12-02,2.027
2014-12-03,2.005
2014-12-04,2.024
2014-12-05,2.009
2014-12-08,1.942
2014-12-09,1.936
2014-12-10,1.845
2014-12-11,1.842
2014-12-12,1.797
2014-12-15,1.762
2014-12-16,1.765
2014-12-17,1.799
2014-12-18,1.752
2014-12-19,1.729
2014-12-22,1.663
2014-12-23,1.604
2014-12-24,1.634
2014-12-25,#N/A
2014-12-26,1.635
2014-12-29,1.547
2014-12-30,1.556
2014-12-31,1.666
2015-01-01,#N/A
2015-01-02,1.559
2015-01-05,1.508
2015-01-06,1.545
2015-01-07,1.526
2015-01-08,1.536
2015-01-09,1.543
2015-01-12,1.422
2015-01-13,1.404
2015-01-14,1.475
2015-01-15,1.451
2015-01-16,1.507
2015-01-19,#N/A
2015-01-20,1.478
2015-01-21,1.474
2015-01-22,1.486
2015-01-23,1.503
2015-01-26,1.497
2015-01-27,1.504
2015-01-28,1.480
2015-01-29,1.474
2015-01-30,1.539
2015-02-02,1.647
2015-02-03,1.709
2015-02-04,1.653
2015-02-05,1.675
2015-02-06,1.714
2015-02-09,1.754
2015-02-10,1.712
2015-02-11,1.703
2015-02-12,1.800
2015-02-13,1.855
2015-02-16,#N/A
2015-02-17,1.788
2015-02-18,1.787
2015-02-19,1.754
2015-02-20,1.891
2015-02-23,1.844
2015-02-24,1.744
2015-02-25,1.824
2015-02-26,1.889
2015-02-27,1.815
2015-03-02,1.726
2015-03-03,1.794
2015-03-04,1.746
2015-03-05,1.747
2015-03-06,1.743
2015-03-09,1.699
2015-03-10,1.675
2015-03-11,1.660
2015-03-12,1.626
2015-03-13,1.561
2015-03-16,1.554
2015-03-17,1.536
2015-03-18,1.629
2015-03-19,1.563
2015-03-20,1.566
2015-03-23,1.566
2015-03-24,1.539
2015-03-25,1.554
2015-03-26,1.623
2015-03-27,1.563
2015-03-30,1.591
2015-03-31,1.567
2015-04-01,1.598
2015-04-02,1.544
2015-04-03,#N/A
2015-04-06,1.614
2015-04-07,1.639
2015-04-08,1.568
2015-04-09,1.603
2015-04-10,1.639
2015-04-13,1.655
2015-04-14,1.679
2015-04-15,1.747
2015-04-16,1.777
2015-04-17,1.760
2015-04-20,1.741
2015-04-21,1.719
2015-04-22,1.739
2015-04-23,1.779
2015-04-24,1.777
2015-04-27,1.764
2015-04-28,1.774
2015-04-29,1.796
2015-04-30,1.835
2015-05-01,1.860
2015-05-04,1.867
2015-05-05,1.907
2015-05-06,1.904
2015-05-07,1.865
2015-05-08,1.860
2015-05-11,1.855
2015-05-12,1.883
2015-05-13,1.889
2015-05-14,1.896
2015-05-15,1.889
2015-05-18,1.871
2015-05-19,1.799
2015-05-20,1.805
2015-05-21,1.860
2015-05-22,1.846
2015-05-25,#N/A
2015-05-26,1.794
2015-05-27,1.732
2015-05-28,1.766
2015-05-29,1.842
2015-06-01,1.815
2015-06-02,1.820
2015-06-03,1.764
2015-06-04,1.716
2015-06-05,1.711
2015-06-08,1.692
2015-06-09,1.757
2015-06-10,1.776
2015-06-11,1.767
2015-06-12,1.740
2015-06-15,1.719
2015-06-16,1.729
2015-06-17,1.750
2015-06-18,1.765
2015-06-19,1.698
2015-06-22,1.669
2015-06-23,1.716
2015-06-24,1.708
2015-06-25,1.690
2015-06-26,1.706
2015-06-29,1.678
2015-06-30,1.727
2015-07-01,1.685
2015-07-02,1.695
2015-07-03,#N/A
2015-07-06,1.581
2015-07-07,1.584
2015-07-08,1.566
2015-07-09,1.577
2015-07-10,1.568
2015-07-13,1.566
2015-07-14,1.575
2015-07-15,1.525
2015-07-16,1.515
2015-07-17,1.507
2015-07-20,1.499
2015-07-21,1.543
2015-07-22,1.530
2015-07-23,1.533
2015-07-24,1.511
2015-07-27,1.464
2015-07-28,1.485
2015-07-29,1.486
2015-07-30,1.475
2015-07-31,1.455
2015-08-03,1.405
2015-08-04,1.431
2015-08-05,1.417
2015-08-06,1.428
2015-08-07,1.412
2015-08-10,1.456
2015-08-11,1.433
2015-08-12,1.456
2015-08-13,1.437
2015-08-14,1.415
2015-08-17,1.416
2015-08-18,1.390
2015-08-19,1.350
2015-08-20,1.352
2015-08-21,1.322
2015-08-24,1.256
2015-08-25,1.243
2015-08-26,1.247
2015-08-27,1.358
2015-08-28,1.443
2015-08-31,1.502
2015-09-01,1.402
2015-09-02,1.453
2015-09-03,1.465
2015-09-04,1.430
2015-09-07,#N/A
2015-09-08,1.426
2015-09-09,1.383
2015-09-10,1.417
2015-09-11,1.395
2015-09-14,1.355
2015-09-15,1.338
2015-09-16,1.392
2015-09-17,1.377
2015-09-18,1.317
2015-09-21,1.353
2015-09-22,1.377
2015-09-23,1.366
2015-09-24,1.415
2015-09-25,1.408
2015-09-28,1.367
2015-09-29,1.393
2015-09-30,1.422
2015-10-01,1.403
2015-10-02,1.407
2015-10-05,1.437
2015-10-06,1.496
2015-10-07,1.449
2015-10-08,1.474
2015-10-09,1.445
2015-10-12,1.372
2015-10-13,1.340
2015-10-14,1.341
2015-10-15,1.358
2015-10-16,1.358
2015-10-19,1.340
2015-10-20,1.333
2015-10-21,1.346
2015-10-22,1.390
2015-10-23,1.389
2015-10-26,1.353
2015-10-27,1.345
2015-10-28,1.407
2015-10-29,1.386
2015-10-30,1.431
2015-11-02,1.412
2015-11-03,1.460
2015-11-04,1.427
2015-11-05,1.407
2015-11-06,1.422
2015-11-09,1.403
2015-11-10,1.382
2015-11-11,1.342
2015-11-12,1.306
2015-11-13,1.279
2015-11-16,1.283
2015-11-17,1.267
2015-11-18,1.282
2015-11-19,1.273
2015-11-20,1.251
2015-11-23,1.264
2015-11-24,1.289
2015-11-25,1.303
2015-11-26,#N/A
2015-11-27,1.258
2015-11-30,1.237
2015-12-01,1.244
2015-12-02,1.190
2015-12-03,1.236
2015-12-04,1.221
2015-12-07,1.200
2015-12-08,1.179
2015-12-09,1.161
2015-12-10,1.131
2015-12-11,1.035
2015-12-14,0.996
2015-12-15,1.016
2015-12-16,0.997
2015-12-17,1.002
2015-12-18,1.023
2015-12-21,1.009
2015-12-22,1.013
2015-12-23,1.055
2015-12-24,1.035
2015-12-25,#N/A
2015-12-28,1.013
2015-12-29,1.052
2015-12-30,1.019
2015-12-31,1.026
2016-01-01,#N/A
2016-01-04,1.039
2016-01-05,1.035
2016-01-06,0.994
2016-01-07,0.972
2016-01-08,0.954
2016-01-11,0.925
2016-01-12,0.912
2016-01-13,0.887
2016-01-14,0.903
2016-01-15,0.868
2016-01-18,#N/A
2016-01-19,0.849
2016-01-20,0.804
2016-01-21,0.835
2016-01-22,0.912
2016-01-25,0.865
2016-01-26,0.909
2016-01-27,0.963
2016-01-28,0.995
2016-01-29,1.013
2016-02-01,0.974
2016-02-02,0.936
2016-02-03,1.047
2016-02-04,1.041
2016-02-05,1.024
2016-02-08,1.018
2016-02-09,0.946
2016-02-10,0.925
2016-02-11,0.945
2016-02-12,1.002
2016-02-15,#N/A
2016-02-16,0.954
2016-02-17,1.008
2016-02-18,1.001
2016-02-19,0.957
2016-02-22,0.949
2016-02-23,0.902
2016-02-24,0.934
2016-02-25,0.943
2016-02-26,0.935
2016-02-29,0.991
2016-03-01,0.996
2016-03-02,0.998
2016-03-03,1.002
2016-03-04,1.048
2016-03-07,1.096
2016-03-08,1.072
2016-03-09,1.109
2016-03-10,1.090
2016-03-11,1.089
2016-03-14,1.068
2016-03-15,1.054
2016-03-16,1.105
2016-03-17,1.126
2016-03-18,1.110
2016-03-21,1.101
2016-03-22,1.140
2016-03-23,1.095
2016-03-24,1.064
2016-03-25,#N/A
2016-03-28,1.061
2016-03-29,1.012
2016-03-30,1.028
2016-03-31,1.056
2016-04-01,1.005
2016-04-04,0.967
2016-04-05,0.951
2016-04-06,1.045
2016-04-07,1.036
2016-04-08,1.098
2016-04-11,1.120
2016-04-12,1.180
2016-04-13,1.166
2016-04-14,1.158
2016-04-15,1.112
2016-04-18,1.119
2016-04-19,1.154
2016-04-20,1.217
2016-04-21,1.185
2016-04-22,1.177
2016-04-25,1.175
2016-04-26,1.207
2016-04-27,1.251
2016-04-28,1.397
2016-04-29,1.377
2016-05-02,1.213
2016-05-03,1.193
2016-05-04,1.202
2016-05-05,1.203
2016-05-06,1.209
2016-05-09,1.155
2016-05-10,1.213
2016-05-11,1.264
2016-05-12,1.262
2016-05-13,1.290
2016-05-16,1.329
2016-05-17,1.357
2016-05-18,1.362
2016-05-19,1.358
2016-05-20,1.378
2016-05-23,1.363
2016-05-24,1.375
2016-05-25,1.383
2016-05-26,1.367
2016-05-27,1.370
2016-05-30,#N/A
2016-05-31,1.360
2016-06-01,1.373
2016-06-02,1.378
2016-06-03,1.362
2016-06-06,1.375
2016-06-07,1.418
2016-06-08,1.454
2016-06-09,1.424
2016-06-10,1.392
2016-06-13,1.381
2016-06-14,1.374
2016-06-15,1.349
2016-06-16,1.304
2016-06-17,1.366
2016-06-20,1.400
2016-06-21,1.395
2016-06-22,1.384
2016-06-23,1.407
2016-06-24,1.349
2016-06-27,1.326
2016-06-28,1.358
2016-06-29,1.441
2016-06-30,1.396
2016-07-01,1.424
2016-07-04,#N/A
2016-07-05,1.358
2016-07-06,1.364
2016-07-07,1.302
2016-07-08,1.302
2016-07-11,1.303
2016-07-12,1.345
2016-07-13,1.279
2016-07-14,1.288
2016-07-15,1.251
2016-07-18,1.242
2016-07-19,1.255
2016-07-20,1.277
2016-07-21,1.239
2016-07-22,1.231
2016-07-25,1.192
2016-07-26,1.192
2016-07-27,1.163
2016-07-28,1.142
2016-07-29,1.144
2016-08-01,1.133
2016-08-02,1.131
2016-08-03,1.156
2016-08-04,1.180
2016-08-05,1.193
2016-08-08,1.213
2016-08-09,1.202
2016-08-10,1.185
2016-08-11,1.249
2016-08-12,1.283
2016-08-15,1.321
2016-08-16,1.333
2016-08-17,1.361
2016-08-18,1.396
2016-08-19,1.384
2016-08-22,1.355
2016-08-23,1.370
2016-08-24,1.403
2016-08-25,1.424
2016-08-26,1.412
2016-08-29,1.400
2016-08-30,1.384
2016-08-31,1.327
2016-09-01,1.274
2016-09-02,1.278
2016-09-05,#N/A
2016-09-06,1.296
2016-09-07,1.321
2016-09-08,1.373
2016-09-09,1.327
2016-09-12,1.332
2016-09-13,1.319
2016-09-14,1.282
2016-09-15,1.306
2016-09-16,1.298
2016-09-19,1.284
2016-09-20,1.286
2016-09-21,1.320
2016-09-22,1.337
2016-09-23,1.299
2016-09-26,1.324
2016-09-27,1.297
2016-09-28,1.369
2016-09-29,1.397
2016-09-30,1.418
2016-10-03,1.451
2016-10-04,1.445
2016-10-05,1.467
2016-10-06,1.490
2016-10-07,1.465
2016-10-10,1.465
2016-10-11,1.479
2016-10-12,1.460
2016-10-13,1.468
2016-10-14,1.460
2016-10-17,1.447
2016-10-18,1.462
2016-10-19,1.473
2016-10-20,1.451
2016-10-21,1.466
2016-10-24,1.469
2016-10-25,1.450
2016-10-26,1.441
2016-10-27,1.456
2016-10-28,1.436
2016-10-31,1.395
2016-11-01,1.412
2016-11-02,1.362
2016-11-03,1.346
2016-11-04,1.324
2016-11-07,1.335
2016-11-08,1.325
2016-11-09,1.336
2016-11-10,1.320
2016-11-11,1.280
2016-11-14,1.272
2016-11-15,1.330
2016-11-16,1.313
2016-11-17,1.321
2016-11-18,1.339
2016-11-21,1.413
2016-11-22,1.409
2016-11-23,1.400
2016-11-24,#N/A
2016-11-25,1.400
2016-11-28,1.391
2016-11-29,1.351
2016-11-30,1.444
2016-12-01,1.484
2016-12-02,1.497
2016-12-05,1.488
2016-12-06,1.476
2016-12-07,1.371
2016-12-08,1.436
2016-12-09,1.451
2016-12-12,1.482
2016-12-13,1.485
2016-12-14,1.481
2016-12-15,1.478
2016-12-16,1.510
2016-12-19,1.500
2016-12-20,1.508
2016-12-21,1.468
2016-12-22,1.483
2016-12-23,1.519
2016-12-26,#N/A
2016-12-27,1.543
2016-12-28,1.534
2016-12-29,1.545
2016-12-30,1.552
2017-01-02,#N/A
2017-01-03,1.528
2017-01-04,1.534
2017-01-05,1.541
2017-01-06,1.542
2017-01-09,1.481
2017-01-10,1.464
2017-01-11,1.510
2017-01-12,1.544
2017-01-13,1.529
2017-01-16,#N/A
2017-01-17,1.514
2017-01-18,1.484
2017-01-19,1.486
2017-01-20,1.511
2017-01-23,1.516
2017-01-24,1.522
2017-01-25,1.503
2017-01-26,1.526
2017-01-27,1.498
2017-01-30,1.493
2017-01-31,1.500
2017-02-01,1.536
2017-02-02,1.525
2017-02-03,1.534
2017-02-06,1.508
2017-02-07,1.493
2017-02-08,1.504
2017-02-09,1.558
2017-02-10,1.581
2017-02-13,1.551
2017-02-14,1.555
2017-02-15,1.550
2017-02-16,1.548
2017-02-17,1.557
2017-02-20,#N/A
2017-02-21,1.577
2017-02-22,1.562
2017-02-23,1.587
2017-02-24,1.549
2017-02-27,1.562
2017-02-28,1.555
2017-03-01,1.531
2017-03-02,1.488
2017-03-03,1.499
2017-03-06,1.527
2017-03-07,1.532
2017-03-08,1.480
2017-03-09,1.458
2017-03-10,1.427
2017-03-13,1.396
2017-03-14,1.396
2017-03-15,1.410
2017-03-16,1.399
2017-03-17,1.404
2017-03-20,1.410
2017-03-21,1.412
2017-03-22,1.406
2017-03-23,1.402
2017-03-24,1.416
2017-03-27,1.412
2017-03-28,1.433
2017-03-29,1.455
2017-03-30,1.473
2017-03-31,1.481
2017-04-03,1.471
2017-04-04,1.510
2017-04-05,1.511
2017-04-06,1.528
2017-04-07,1.543
2017-04-10,1.563
2017-04-11,1.566
2017-04-12,1.563
2017-04-13,1.573
2017-04-14,#N/A
2017-04-17,1.560
2017-04-18,1.539
2017-04-19,1.499
2017-04-20,1.492
2017-04-21,1.466
2017-04-24,1.455
